{
  "version": 1,
  "author": "Juan M. Gandarias",
  "editor": "wokwi",
  "parts": [
    {
      "type": "board-esp32-devkit-c-v4",
      "id": "esp",
      "top": -19.2,
      "left": -33.56,
      "attrs": {
        "builder": "esp32-core-2.0.3"
      }
    },
    {
      "type": "wokwi-pushbutton",
      "id": "btn1",
      "top": 121.4,
      "left": -230.4,
      "attrs": {
        "color": "green",
        "bounce": "0"
      }
    },
    {
      "type": "wokwi-led",
      "id": "led1",
      "top": -42,
      "left": -149.8,
      "attrs": {
        "color": "red"
      }
    },
    {
      "type": "wokwi-resistor",
      "id": "r1",
      "top": 32.2,
      "left": -164.05,
      "rotate": 270,
      "attrs": {
        "value": "1000"
      }
    },
    {
      "type": "wokwi-slide-potentiometer",
      "id": "pot1",
      "top": -129.4,
      "left": 133.4,
      "attrs": {
        "travelLength": "50"
      }
    }
  ],
  "connections": [
    [
      "esp:TX",
      "$serialMonitor:RX",
      "",
      []
    ],
    [
      "esp:RX",
      "$serialMonitor:TX",
      "",
      []
    ],
    [
      "esp:GND.1",
      "r1:1",
      "black",
      [
        "h-19.05",
        "v-57.6",
        "h-86.4"
      ]
    ],
    [
      "r1:2",
      "led1:C",
      "black",
      [
        "h0"
      ]
    ],
    [
      "pot1:VCC",
      "esp:3V3",
      "red",
      [
        "h0"
      ]
    ],
    [
      "pot1:SIG",
      "esp:4",
      "green",
      [
        "h-19.2",
        "v191.2"
      ]
    ],
    [
      "esp:GND.2",
      "pot1:GND",
      "black",
      [
        "h374.4",
        "v-96"
      ]
    ],
    [
      "esp:26",
      "led1:A",
      "orange",
      [
        "h-9.45",
        "v-38.4",
        "h-86.4"
      ]
    ],
    [
      "esp:27",
      "btn1:1.r",
      "blue",
      [
        "h-76.65",
        "v28.8"
      ]
    ],
    [
      "esp:GND.1",
      "btn1:2.r",
      "black",
      [
        "h-19.05",
        "v19"
      ]
    ]
  ],
  "dependencies": {}
}