{
  "version": 1,
  "author": "Juan M. Gandarias",
  "editor": "wokwi",
  "parts": [
    {
      "type": "board-esp32-devkit-c-v4",
      "id": "esp",
      "top": -19.2,
      "left": -33.56,
      "attrs": {}
    },
    {
      "type": "wokwi-slide-potentiometer",
      "id": "pot1",
      "top": -129.4,
      "left": 133.4,
      "attrs": {
        "travelLength": "50"
      }
    }
  ],
  "connections": [
    [
      "esp:TX",
      "$serialMonitor:RX",
      "",
      []
    ],
    [
      "esp:RX",
      "$serialMonitor:TX",
      "",
      []
    ],
    [
      "esp:GND.1",
      "r1:1",
      "black",
      [
        "h-19.05",
        "v-57.6",
        "h-86.4"
      ]
    ],
    [
      "pot1:VCC",
      "esp:3V3",
      "red",
      [
        "h0"
      ]
    ],
    [
      "pot1:SIG",
      "esp:4",
      "green",
      [
        "h-19.2",
        "v191.2"
      ]
    ],
    [
      "esp:GND.2",
      "pot1:GND",
      "black",
      [
        "h374.4",
        "v-96"
      ]
    ]
  ],
  "dependencies": {}
}