{
  "version": 1,
  "author": "Juan M. Gandarias",
  "editor": "wokwi",
  "parts": [
    { "type": "board-esp32-devkit-c-v4", "id": "esp", "top": -19.2, "left": -33.56, "attrs": {} },
    {
      "type": "wokwi-slide-potentiometer",
      "id": "pot1",
      "top": 18.3,
      "left": -518.3,
      "rotate": 90,
      "attrs": { "travelLength": "50" }
    },
    {
      "type": "wokwi-slide-potentiometer",
      "id": "pot2",
      "top": 14.6,
      "left": -375.4,
      "rotate": 90,
      "attrs": { "travelLength": "50" }
    }
  ],
  "connections": [
    [ "esp:TX", "$serialMonitor:RX", "", [] ],
    [ "esp:RX", "$serialMonitor:TX", "", [] ],
    [ "pot1:VCC", "esp:3V3", "red", [ "v-28.8", "h335.85" ] ],
    [ "pot1:SIG", "esp:4", "purple", [ "h0.8", "v-48", "h508.8", "v240" ] ],
    [ "esp:GND.2", "pot1:GND", "black", [ "h28.8", "v220.8", "h-460.8" ] ],
    [ "pot2:GND", "esp:GND.2", "black", [ "v19.7", "h317.9", "v-220.8" ] ],
    [ "pot2:VCC", "esp:3V3", "red", [ "v-25.1", "h193.1", "v105.6" ] ],
    [ "pot2:SIG", "esp:26", "cyan", [ "v-15.5", "h136.3", "v182.4" ] ]
  ],
  "dependencies": {}
}