{
  "version": 1,
  "author": "Juan M. Gandarias",
  "editor": "wokwi",
  "parts": [
    { "type": "board-esp32-devkit-c-v4", "id": "esp", "top": -19.2, "left": -33.56, "attrs": {} },
    {
      "type": "wokwi-pushbutton",
      "id": "btn1",
      "top": 131,
      "left": -182.4,
      "attrs": { "color": "red", "bounce": "0" }
    },
    { "type": "wokwi-led", "id": "led1", "top": -51.6, "left": -169, "attrs": { "color": "red" } },
    {
      "type": "wokwi-resistor",
      "id": "r1",
      "top": 51.4,
      "left": -192.85,
      "rotate": 270,
      "attrs": { "value": "1000" }
    },
    {
      "type": "wokwi-led",
      "id": "led2",
      "top": -51.6,
      "left": 167,
      "attrs": { "color": "green" }
    },
    {
      "type": "wokwi-resistor",
      "id": "r2",
      "top": 32.2,
      "left": 143.15,
      "rotate": 270,
      "attrs": { "value": "1000" }
    },
    {
      "type": "wokwi-pushbutton",
      "id": "btn2",
      "top": 150.2,
      "left": 153.6,
      "attrs": { "color": "green", "bounce": "0" }
    }
  ],
  "connections": [
    [ "esp:TX", "$serialMonitor:RX", "", [] ],
    [ "esp:RX", "$serialMonitor:TX", "", [] ],
    [ "esp:GND.1", "r1:1", "black", [ "h-19.05", "v-48", "h-115.2" ] ],
    [ "r1:2", "led1:C", "black", [ "h0" ] ],
    [ "esp:26", "led1:A", "orange", [ "h-9.45", "v-38.4", "h-86.4" ] ],
    [ "esp:27", "btn1:1.r", "red", [ "h-76.65", "v28.8" ] ],
    [ "esp:GND.1", "btn1:2.r", "black", [ "h-19.05", "v19" ] ],
    [ "esp:GND.2", "r2:1", "black", [ "h38.4", "v57.6" ] ],
    [ "r2:2", "led2:C", "black", [ "h0" ] ],
    [ "esp:GND.2", "btn2:2.l", "black", [ "h38.4", "v124.8", "h38.4" ] ],
    [ "led2:A", "esp:4", "limegreen", [ "v0" ] ],
    [ "esp:2", "btn2:1.l", "green", [ "h0" ] ]
  ],
  "dependencies": {}
}