{
  "version": 1,
  "author": "Juan M. Gandarias",
  "editor": "wokwi",
  "parts": [
    { "type": "board-esp32-devkit-c-v4", "id": "esp", "top": -19.2, "left": -33.56, "attrs": {} },
    {
      "type": "wokwi-pushbutton",
      "id": "btn1",
      "top": 121.4,
      "left": -230.4,
      "attrs": { "color": "green", "bounce": "0" }
    },
    { "type": "wokwi-led", "id": "led1", "top": -42, "left": -149.8, "attrs": { "color": "red" } },
    {
      "type": "wokwi-resistor",
      "id": "r1",
      "top": 32.2,
      "left": -164.05,
      "rotate": 270,
      "attrs": { "value": "1000" }
    }
  ],
  "connections": [
    [ "esp:TX", "$serialMonitor:RX", "", [] ],
    [ "esp:RX", "$serialMonitor:TX", "", [] ],
    [ "esp:GND.1", "r1:1", "black", [ "h-19.05", "v-57.6", "h-86.4" ] ],
    [ "r1:2", "led1:C", "black", [ "h0" ] ],
    [ "esp:26", "led1:A", "orange", [ "h-9.45", "v-38.4", "h-86.4" ] ],
    [ "esp:GND.1", "btn1:2.r", "black", [ "h-19.05", "v19" ] ],
    [ "esp:14", "btn1:1.r", "green", [ "h-76.65", "v9.6" ] ]
  ],
  "dependencies": {}
}